-- -------------------------------------------------------------
-- TablePlus 5.2.2(478)
--
-- https://tableplus.com/
--
-- Database: quizz
-- Generation Time: 2023-01-17 06:18:31.7410
-- -------------------------------------------------------------


/*!40101 SET @OLD_CHARACTER_SET_CLIENT=@@CHARACTER_SET_CLIENT */;
/*!40101 SET @OLD_CHARACTER_SET_RESULTS=@@CHARACTER_SET_RESULTS */;
/*!40101 SET @OLD_COLLATION_CONNECTION=@@COLLATION_CONNECTION */;
/*!40101 SET NAMES utf8mb4 */;
/*!40014 SET @OLD_UNIQUE_CHECKS=@@UNIQUE_CHECKS, UNIQUE_CHECKS=0 */;
/*!40014 SET @OLD_FOREIGN_KEY_CHECKS=@@FOREIGN_KEY_CHECKS, FOREIGN_KEY_CHECKS=0 */;
/*!40101 SET @OLD_SQL_MODE=@@SQL_MODE, SQL_MODE='NO_AUTO_VALUE_ON_ZERO' */;
/*!40111 SET @OLD_SQL_NOTES=@@SQL_NOTES, SQL_NOTES=0 */;


INSERT INTO `answers` (`id`, `questionId`, `answers`, `userId`, `addedAt`, `status`) VALUES
(1, 1, 'zeitliche Präferenzen', 1, '2022-12-30 22:38:05', 1),
(2, 2, 'persönliche Präferenzen', 1, '2022-12-30 22:38:05', 1),
(3, 3, 'Markttransparenz', 1, '2022-12-30 22:38:05', 1),
(4, 4, 'räumliche Präferenzen', 1, '2022-12-30 22:38:05', 1),
(5, 5, 'Homogenität der Güter', 1, '2022-12-30 22:38:05', 1),
(6, 6, 'zeitliche Präferenzen', 1, '2022-12-30 22:38:05', 1),
(7, 7, 'räumliche Präferenzen', 1, '2022-12-30 22:38:05', 1),
(8, 8, 'persönliche Präferenzen', 1, '2022-12-30 22:38:05', 1),
(9, 9, 'Homogenität der Güter', 1, '2022-12-30 22:38:05', 1),
(10, 10, 'persönliche Präferenzen', 1, '2022-12-30 22:38:05', 1),
(11, 11, 'Punktmarkt', 1, '2022-12-30 22:38:05', 1),
(12, 12, 'Rohstoffe der Unternehmer', 1, '2022-12-30 22:38:05', 1),
(13, 13, 'heterogener Markt', 1, '2022-12-30 22:38:05', 1),
(14, 14, 'gleichartig', 1, '2022-12-30 22:38:05', 1),
(15, 15, 'Heterogenität der Güter', 1, '2022-12-30 22:38:05', 1),
(16, 16, 'vom Staat gelenkt wird', 1, '2022-12-30 22:38:05', 1),
(17, 17, 'Präferenzen vorhanden sind', 1, '2022-12-30 22:38:05', 1),
(18, 18, 'Nachfragemonopol', 1, '2022-12-30 22:38:05', 1),
(19, 19, 'Zweiseitiges Oligopol', 1, '2022-12-30 22:38:05', 1),
(20, 20, 'Monopol', 1, '2022-12-30 22:38:05', 1),
(21, 21, 'Polypol', 1, '2022-12-30 22:38:05', 1),
(22, 22, 'Beschränktes Nachfragemonopol', 1, '2022-12-30 22:38:05', 1),
(23, 23, 'Polypol', 1, '2022-12-30 22:38:05', 1),
(24, 24, 'Oligopol', 1, '2022-12-30 22:38:05', 1),
(25, 25, 'Monopol', 1, '2022-12-30 22:38:05', 1),
(26, 26, 'Monopol', 1, '2022-12-30 22:38:05', 1),
(27, 27, 'Oligopol', 1, '2022-12-30 22:38:05', 1),
(28, 28, 'Polypol', 1, '2022-12-30 22:38:05', 1),
(29, 29, 'Beschränktes Nachfragemonopol', 1, '2022-12-30 22:38:05', 1),
(30, 30, 'Polypol- und Oligopolmarkt', 1, '2022-12-30 22:38:05', 1),
(31, 31, 'Oligopol', 1, '2022-12-30 22:38:05', 1),
(32, 32, 'ist ein Mengenanpasser', 1, '2022-12-30 22:38:05', 1),
(33, 33, 'die Marktmacht kleiner', 1, '2022-12-30 22:38:05', 1),
(34, 34, 'Polypol', 1, '2022-12-30 22:38:05', 1),
(35, 35, 'Zweiseitiges Monopol', 1, '2022-12-30 22:38:05', 1),
(36, 36, 'Er ist Preisfixierer', 1, '2022-12-30 22:38:05', 1),
(37, 37, 'Nachfragemonopol', 1, '2022-12-30 22:38:05', 1),
(38, 38, 'test2', 1, '2022-12-30 22:38:05', 1),
(39, 39, ' ', 1, '2022-12-30 22:38:05', 1),
(40, 40, ' ', 1, '2022-12-30 22:38:05', 1),
(41, 41, ' ', 1, '2022-12-30 22:38:05', 1),
(42, 42, ' ', 1, '2022-12-30 22:38:05', 1),
(43, 43, ' ', 1, '2022-12-30 22:38:05', 1),
(44, 44, 'open systems interconnection', 1, '2022-12-30 22:38:05', 1),
(45, 45, 'international standards organisation', 1, '2022-12-30 22:38:05', 1),
(46, 46, 'Anwendung Darstellung Sitzung Transport Vermittlung Sicherung Bitübertragung', 1, '2022-12-30 22:38:05', 1),
(47, 47, '', 1, '2022-12-30 22:38:05', 1),
(48, 48, '', 1, '2022-12-30 22:38:05', 1),
(49, 49, '10 Mb/s', 1, '2022-12-30 22:38:05', 1),
(50, 50, '1,2,3,6', 1, '2022-12-30 22:38:05', 1),
(51, 51, '10Base-t', 1, '2022-12-30 22:38:05', 1),
(52, 52, '100 Mb/s', 1, '2022-12-30 22:38:05', 1),
(53, 53, '1,2,3,6', 1, '2022-12-30 22:38:05', 1),
(54, 54, '100Base-Tx', 1, '2022-12-30 22:38:05', 1),
(55, 55, '1000 Mb/s = 1Gb/s', 1, '2022-12-30 22:38:05', 1),
(56, 56, '8', 1, '2022-12-30 22:38:05', 1),
(57, 57, '1000Base-T', 1, '2022-12-30 22:38:05', 1),
(58, 58, 'enhanced', 1, '2022-12-30 22:38:05', 1),
(59, 59, '1Gb/s; 2,5Gb/s; 5Gb/s', 1, '2022-12-30 22:38:05', 1),
(60, 60, '8', 1, '2022-12-30 22:38:05', 1),
(61, 61, '1000Base-T; NBASE-T', 1, '2022-12-30 22:38:05', 1),
(62, 62, '10 Gb/s', 1, '2022-12-30 22:38:05', 1),
(63, 63, '8', 1, '2022-12-30 22:38:05', 1),
(64, 64, '10GBase-T', 1, '2022-12-30 22:38:05', 1),
(65, 65, 'augmented', 1, '2022-12-30 22:38:05', 1),
(66, 66, '8', 1, '2022-12-30 22:38:05', 1),
(67, 67, '25GBase-T;40GBase-T;', 1, '2022-12-30 22:38:05', 1),
(68, 68, '1;2;3;', 1, '2022-12-30 22:38:05', 1),
(69, 69, '4', 1, '2022-12-30 22:38:05', 1),
(70, 70, '100', 1, '2022-12-30 22:38:05', 1),
(71, 71, '256', 1, '2022-12-30 22:38:05', 1),
(72, 72, 'richtig', 1, '2022-12-30 22:38:05', 1),
(73, 73, 'falsch', 1, '2022-12-30 22:38:05', 1),
(74, 74, 'falsch', 1, '2022-12-30 22:38:05', 1),
(75, 75, 'richtig', 1, '2022-12-30 22:38:05', 1),
(76, 76, 'richtig', 1, '2022-12-30 22:38:05', 1),
(77, 77, 'falsch', 1, '2022-12-30 22:38:05', 1),
(78, 78, '11011001', 1, '2022-12-30 22:38:05', 1),
(79, 79, 'd9', 1, '2022-12-30 22:38:05', 1),
(80, 80, '195', 1, '2022-12-30 22:38:05', 1),
(81, 81, 'c3', 1, '2022-12-30 22:38:05', 1),
(82, 82, '163', 1, '2022-12-30 22:38:05', 1),
(83, 83, '10100011', 1, '2022-12-30 22:38:05', 1),
(84, 84, '10111100', 1, '2022-12-30 22:38:05', 1),
(85, 85, 'bc', 1, '2022-12-30 22:38:05', 1),
(86, 86, '107', 1, '2022-12-30 22:38:05', 1),
(87, 87, '6b', 1, '2022-12-30 22:38:05', 1),
(88, 88, '232', 1, '2022-12-30 22:38:05', 1),
(89, 89, '11101000', 1, '2022-12-30 22:38:05', 1),
(90, 90, '000110101110', 1, '2022-12-30 22:38:05', 1),
(91, 91, '1ae', 1, '2022-12-30 22:38:05', 1),
(92, 92, '12003', 1, '2022-12-30 22:38:05', 1),
(93, 93, '0010111011100011', 1, '2022-12-30 22:38:05', 1),
(94, 94, '43575', 1, '2022-12-30 22:38:05', 1),
(95, 95, 'aa37', 1, '2022-12-30 22:38:05', 1),
(96, 96, '11111011', 1, '2022-12-30 22:38:05', 1),
(97, 97, 'FFFFFFFB', 1, '2022-12-30 22:38:05', 1),
(382, 68, 'test', 1, '2022-12-30 23:01:45', 1),
(1216, 324, 'aus Gründen der Ausfallsicherheit', 3, '2023-01-08 10:10:09', 1),
(1217, 325, 'LWL Lichtwellenleiter,Patchkabel Kupferkabel(Netzwerkkabel),WLan WirelessLAN (kabellose Netzwerkverbindung)', 3, '2023-01-08 10:10:09', 1),
(1218, 326, 'größere Distanzen sind überbrückbar;ist unempfindlich gegenüber Magnetfeldern;erlaubt noch höhere Übertragungsgeschwindigkeiten;', 3, '2023-01-08 10:10:09', 1),
(1219, 327, 'hohe Konfektionierungskosten (Spleißen);LWL-Technik ist teurer als Cu(Kupfer)-Technik;', 3, '2023-01-08 10:10:09', 1),
(1220, 328, '100 m', 3, '2023-01-08 10:10:09', 1),
(1221, 329, 'Cat 6', 3, '2023-01-08 10:10:09', 1),
(1222, 330, '11Mbit/s und 54Mbit/s Übertragungsgeschwindigkeiten;ISM-Band (Frequenzbereich 2,4 GHz);', 3, '2023-01-08 10:10:09', 1),
(1223, 331, '11Mbit/s, 54Mbit/s und 600Mbit/s Übertragungsgeschwindigkeiten;abwärtskompatibel zu IEEE 802.11 b und IEEE 802.11 g;kompatibel zu IEEE 802.11 ac;', 3, '2023-01-08 10:10:09', 1),
(1224, 332, 'der Datenstrom muss verschlüsselt werden', 3, '2023-01-08 10:10:09', 1),
(1225, 333, 'um Schichten austauschen und modernisieren zu können', 3, '2023-01-08 10:10:09', 1),
(1226, 334, 'MAC-Adresse', 3, '2023-01-08 10:10:09', 1),
(1227, 335, 'sollte weltweit einmalig sein', 3, '2023-01-08 10:10:09', 1),
(1228, 336, 'verwirft es', 3, '2023-01-08 10:10:09', 1),
(1229, 337, 'sie muss in einen besonderen (SNIFFING) Modus gesetzt werden', 3, '2023-01-08 10:10:09', 1),
(1230, 338, 'in einem Netzwerk mit Kupferkabel;in einem Netzwerk mit LWL-Kabeln;', 3, '2023-01-08 10:10:09', 1),
(1231, 339, 'im WLAN', 3, '2023-01-08 10:10:09', 1),
(1232, 340, '2', 3, '2023-01-08 10:10:09', 1),
(1233, 341, 'ein Switch, der ein physikalisches Netz in mehrere logische Netze aufteilen kann', 3, '2023-01-08 10:10:09', 1),
(1234, 342, 'MAC-Adresse ', 3, '2023-01-08 10:10:09', 1),
(1235, 343, 'höhere Sicherheit gegen Sniffing;höhere Geschwindigkeit des Gesamtnetzes;', 3, '2023-01-08 10:10:09', 1),
(1236, 344, 'Datenaustausch, Kostenersparnis, Geräte können im Netzwerk geteilt werden, Datensicherheit', 3, '2023-01-08 10:10:09', 1),
(1237, 345, 'Trojaner-anfällig (können verteilt werden), Viren-anfällig (können verteilt werden),\nNetzwerke müssen beaufsichtigt und betreut werden (KOSTEN), Daten können ausspioniert werden,Extra Hard und Software-Kosten', 3, '2023-01-08 10:10:09', 1),
(1238, 346, 'Stern-Topologie, Ring-Topologie, Bus-Topologie', 3, '2023-01-08 10:10:09', 1),
(1239, 347, '50mW', 3, '2023-01-08 10:10:09', 1),
(1285, 396, 'aus Gründen der Ausfallsicherheit', 3, '2023-01-09 16:49:10', 1),
(1286, 397, 'um einzelne Schichten austauschen / modernisieren zu können', 3, '2023-01-09 16:49:10', 1),
(1287, 398, 'Kupferkabel; Funkwellen Optische Medien;', 3, '2023-01-09 16:49:10', 1),
(1288, 399, 'hohe Konfektionierungskosten; LWL-Netzwerkkarten sind vergleichsweise teuer;', 3, '2023-01-09 16:49:10', 1),
(1289, 400, '100 M', 3, '2023-01-09 16:49:10', 1),
(1290, 401, '6', 3, '2023-01-09 16:49:10', 1),
(1291, 402, 'kompatibel zu IEEE 802.11 n (WIFI 4) und ac (WIFI 5);Übertragungsgeschwindigkeit bis zu 9600 Mbit/s;', 3, '2023-01-09 16:49:10', 1),
(1292, 403, 'der Datenstrom sollte / muss verschlüsselt werden', 3, '2023-01-09 16:49:10', 1),
(1293, 404, '12.5mW', 3, '2023-01-09 16:49:10', 1),
(1294, 405, 'MAC-Addresse', 3, '2023-01-09 16:49:10', 1),
(1295, 406, 'Eindeutigkeit: Die Netzwerkadresse eines Geräts muss innerhalb des Netzwerks eindeutig sein, das heißt, es darf kein anderes Gerät im Netzwerk die gleiche Netzwerkadresse haben.\n\nGlobale Gültigkeit: Die Netzwerkadresse eines Geräts gilt weltweit und ist unabhängig von der geografischen Lage des Geräts.\n\nUnveränderlichkeit: Die Netzwerkadresse eines Geräts ist in der Regel fest verdrahtet und kann nicht ohne Weiteres geändert werden. Sie dient daher als dauerhafte Identifikation des Geräts innerhalb des Netzwerks.', 3, '2023-01-09 16:49:10', 1),
(1296, 407, 'verwirft es', 3, '2023-01-09 16:49:10', 1),
(1297, 408, 'der Vorgesetzte ist zu informieren;der Betriebsrat (wenn vorhanden) ist zu informieren;', 3, '2023-01-09 16:49:10', 1),
(1298, 409, 'Netzwerken mit Kupferkabeln;in Netzwerken mit LWL-Kabeln;', 3, '2023-01-09 16:49:10', 1),
(1299, 410, 'im WLAN', 3, '2023-01-09 16:49:10', 1),
(1300, 411, '2', 3, '2023-01-09 16:49:10', 1),
(1301, 412, 'ein Switch, der ein physisches Netz in mehrere logische Netze aufteilen kann', 3, '2023-01-09 16:49:10', 1),
(1302, 413, 'MAC-Addresse', 3, '2023-01-09 16:49:10', 1),
(1303, 414, 'eine höhere Sicherheit gegen Sniffing wird erreicht;eine höhere Geschwindigkeit des gesamten Netzes wird erreicht;', 3, '2023-01-09 16:49:10', 1),
(1304, 415, 'Datenaustausch, Kostenersparnis, Geräte können im Netzwerk geteilt werden, Datensicherheit', 3, '2023-01-09 16:49:10', 1),
(1305, 416, 'Trojaner-anfällig (können verteilt werden), Viren-anfällig (können verteilt werden),\nNetzwerke müssen beaufsichtigt und betreut werden (KOSTEN), Daten können ausspioniert werden,Extra Hard und Software-Kosten', 3, '2023-01-09 16:49:10', 1),
(1306, 417, 'Stern-Topologie, Ring-Topologie, Bus-Topologie', 3, '2023-01-09 16:49:10', 1),
(1308, 419, 'Bündelung mehrerer physischer Ports zu einem logischen Port', 3, '2023-01-09 16:49:10', 1),
(1309, 420, 'Und-Gatter', 3, '2023-01-10 17:23:30', 1),
(1310, 421, 'Oder-Gatter', 3, '2023-01-10 18:01:29', 1),
(1311, 422, 'Nicht-Gatter', 3, '2023-01-10 18:01:29', 1),
(1312, 423, 'NAND-Gatter', 3, '2023-01-10 18:01:29', 1),
(1313, 424, 'NOR-Gatter', 3, '2023-01-10 18:01:29', 1),
(1314, 425, 'XOR-Gatter', 3, '2023-01-10 18:01:29', 1),
(1315, 426, 'XNOR-Gatter', 3, '2023-01-10 18:01:29', 1),
(1316, 427, 'disjunktiv', 3, '2023-01-10 18:12:00', 1),
(1317, 428, '50μm', 3, '2023-01-11 18:36:19', 1),
(1318, 429, '125μm', 3, '2023-01-11 18:36:19', 1),
(1319, 430, '10μm', 3, '2023-01-11 18:36:19', 1),
(1320, 431, '125μm', 3, '2023-01-11 18:36:19', 1),
(1321, 432, 'SX LX ZX', 3, '2023-01-11 18:36:19', 1),
(1322, 433, '850nm', 3, '2023-01-11 18:36:19', 1),
(1323, 434, '1300nm', 3, '2023-01-11 18:36:19', 1),
(1324, 435, '1550nm', 3, '2023-01-11 18:36:19', 1),
(1325, 436, 'Tertiärbereich', 3, '2023-01-11 18:36:19', 1),
(1326, 437, 'ONT oder SFP', 3, '2023-01-11 18:36:19', 1),
(1327, 438, '100m', 3, '2023-01-11 18:36:19', 1),
(1328, 439, '2000m praktisch 550m', 3, '2023-01-11 18:36:19', 1),
(1329, 440, '2000m', 3, '2023-01-11 18:36:19', 1),
(1330, 441, '5 GHz', 3, '2023-01-11 18:36:19', 1),
(1331, 442, '2,4 GHz', 3, '2023-01-11 18:36:19', 1),
(1332, 443, '2,4 GHz', 3, '2023-01-11 18:36:19', 1),
(1333, 444, '2,4 GHz und 5 GHz', 3, '2023-01-11 18:36:19', 1),
(1334, 445, '5 GHz', 3, '2023-01-11 18:36:19', 1),
(1335, 446, '2,4 GHz und 5 GHz', 3, '2023-01-11 18:36:19', 1),
(1336, 447, '2,4 GHz und 5 GHz und 6 GHz', 3, '2023-01-11 18:36:19', 1),
(1337, 448, 'WIFI 4', 3, '2023-01-11 18:36:19', 1),
(1338, 449, 'WIFI 5', 3, '2023-01-11 18:36:19', 1),
(1339, 450, 'WIFI 6', 3, '2023-01-11 18:36:19', 1),
(1413, 524, 'Homogenität (Gleichartigkeit) der Guter', 3, '2023-01-12 18:00:54', 1),
(1414, 525, 'persönliche Präferenz', 3, '2023-01-12 18:00:54', 1),
(1415, 526, 'Zweiseitiges Oligopol', 3, '2023-01-12 18:00:54', 1),
(1416, 527, 'Ausschaltungsfunktion', 3, '2023-01-12 18:00:54', 1),
(1417, 528, 'Wenn das Angebot bei unveränderter Nachfrage sinkt', 3, '2023-01-12 18:00:54', 1),
(1418, 529, 'Wenn das Angebot bei unveränderter Nachfrage steigt', 3, '2023-01-12 18:00:54', 1),
(1419, 530, 'Produzentenrente', 3, '2023-01-12 18:00:54', 1),
(1420, 531, 'Konsumentenrente', 3, '2023-01-12 18:00:54', 1),
(1421, 532, 'Die Gleichgewichtsmenge beträgt 50 Stück, der Gleichgewichtspreis 50,00 €', 3, '2023-01-12 18:00:54', 1),
(1422, 533, '2.500€', 3, '2023-01-12 18:00:54', 1),
(1423, 534, '20 Stück', 3, '2023-01-12 18:00:54', 1),
(1424, 535, '30€', 3, '2023-01-12 18:00:54', 1),
(1425, 536, 'Wenn der Preis eines Substitutionsgutes steigt, steigt die Nachfrage nach einem Gut', 3, '2023-01-12 18:00:54', 1),
(1426, 537, 'Je höher der Preis des Gutes ist, umso höher ist das Angebot', 3, '2023-01-12 18:00:54', 1),
(1427, 538, 'Der Gleichgewichtspreis steigt', 3, '2023-01-12 18:00:54', 1),
(1428, 539, 'Stadtverwaltung Oranienburg;Staatsanwaltschaft beim Landgericht Berlin;Technische Universität Berlin;', 3, '2023-01-12 18:00:54', 1),
(1429, 540, 'Vorstandsvorsitzender der SAP AG;Richter beim Bundesgerichtshof;', 3, '2023-01-12 18:00:54', 1),
(1430, 541, 'Ein sechsjähriger Junge verschenkt sein Modellauto an einen Freund', 3, '2023-01-12 18:00:54', 1),
(1431, 542, 'Ein Geschäftsmann stellt einen Programmierer ein und erfahrt nachher, dass dieser über keine ausreichende Qualifikation verfügt', 3, '2023-01-12 18:00:54', 1),
(1432, 543, 'Ein Kaufvertrag über ein Sportboot im Wert von 25.000 €', 3, '2023-01-12 18:00:54', 1),
(1433, 544, 'Ein Kaufvertrag über eine Eigentumswohnung im Wert von 250.000 €', 3, '2023-01-12 18:00:54', 1),
(1434, 545, 'Tim ist nicht geschäftsfähig, deshalb ist das Rechtsgeschäft nichtig', 3, '2023-01-12 18:00:54', 1),
(1435, 546, 'Anna Gut ist unbeschrankt geschäftsfähig, deshalb ist das Rechtsgeschäft gültig', 3, '2023-01-12 18:00:54', 1),
(1436, 547, 'Da Barbara Miller arglistig getäuscht wurde, ist der Kaufvertrag anfechtbar', 3, '2023-01-12 18:00:54', 1),
(1437, 548, 'Da Paul die CD von seinem Taschengeld kaufte, ist der Kaufvertrag giltig', 3, '2023-01-12 18:00:54', 1),
(1438, 549, 'Da der Darlehensvertrag gegen die guten Sitten verstößt, ist der Darlehensvertrag nichtig', 3, '2023-01-12 18:00:54', 1),
(1465, 577, 'Homogenität (Gleichartigkeit) der Guter', 3, '2023-01-15 08:01:12', 1),
(1466, 578, 'Polypol', 3, '2023-01-15 08:01:12', 1),
(1467, 579, 'Je höher der Preis des Gutes ist, umso höher ist das Angebot', 3, '2023-01-15 08:01:12', 1),
(1468, 580, '20 Stück', 3, '2023-01-15 08:01:12', 1),
(1469, 581, 'Wenn der Preis eines Substitutionsgutes steigt, steigt die Nachfrage nach einem Gut', 3, '2023-01-15 08:01:12', 1),
(1470, 582, 'Wenn das Angebot bei unveränderter Nachfrage sinkt', 3, '2023-01-15 08:01:12', 1),
(1471, 583, 'persönliche Präferenz', 3, '2023-01-15 08:01:12', 1),
(1472, 584, '2,500 €', 3, '2023-01-15 08:01:12', 1),
(1473, 585, 'Bei niedrigem Zinsniveau und zunehmender Nachfrage', 3, '2023-01-15 08:01:12', 1),
(1474, 586, 'Ein Steigen der Konsumsumme führt zum Anstieg der Nachfrage', 3, '2023-01-15 08:01:12', 1),
(1475, 587, 'zeitliche Präferenz', 3, '2023-01-15 08:01:12', 1),
(1476, 588, 'Ausschaltungsfunktion', 3, '2023-01-15 08:01:12', 1),
(1477, 589, 'Produzentenrente', 3, '2023-01-15 08:01:12', 1),
(1478, 590, 'Wenn das Angebot bei unveränderter Nachfrage steigt', 3, '2023-01-15 08:01:12', 1),
(1479, 591, 'Konsumentenrente', 3, '2023-01-15 08:01:12', 1),
(1480, 592, 'Die Nachfrage ist gesunken', 3, '2023-01-15 08:01:12', 1),
(1481, 593, 'Nachfragemonopol', 3, '2023-01-15 08:01:12', 1),
(1482, 594, 'Der Absatz zum Gleichgewichtspreis beträgt 50 Stück', 3, '2023-01-15 08:01:12', 1),
(1483, 595, 'Zweiseitiges Oligopol', 3, '2023-01-15 08:01:12', 1),
(1484, 596, 'Der mögliche Umsatz zu diesem Preis beträgt 1.250,00 €', 3, '2023-01-15 08:01:12', 1),
(1485, 584, '2500', 3, '2023-01-15 08:01:12', 1),
(1486, 584, '2500euro', 3, '2023-01-15 08:01:12', 1),
(1487, 584, '2500€', 3, '2023-01-15 08:01:12', 1),
(1488, 597, '1 Rechte 2 Produktionsgüter 3 Konsumgüter 4 Verbrauchsgüter 5 Gebrauchsgüter', 3, '2023-01-16 16:53:09', 1),
(1489, 598, 'Produktionsgüter werden von Betrieben zur Herstellung anderer Güter verwendet', 3, '2023-01-16 16:53:09', 1),
(1490, 599, 'Konsumgüter werden von privaten Haushalten angeschafft', 3, '2023-01-16 16:53:09', 1),
(1491, 600, '3D-Drucker gehören zu den Produktionsgütern, wenn sie in Betrieben eingesetzt werden', 3, '2023-01-16 16:53:09', 1),
(1492, 601, 'Mangelempfinden', 3, '2023-01-16 16:53:09', 1),
(1493, 602, 'Die Ettiketiermaschine ist ein Gebrauchsgut, weil sie längerfristig im Betrieb verwendet wird', 3, '2023-01-16 16:53:09', 1),
(1494, 603, 'Produktionsgut als Gebrauchsgut', 3, '2023-01-16 16:53:09', 1),
(1495, 604, 'Produktionsgut als Verbrauchsgut', 3, '2023-01-16 16:53:09', 1),
(1496, 605, 'Produktionsgut als Verbrauchsgut', 3, '2023-01-16 16:53:09', 1),
(1497, 606, 'Konsumgut als Gebrauchsgut', 3, '2023-01-16 16:53:09', 1),
(1498, 607, 'Konsumgut als Verbrauchsgut', 3, '2023-01-16 16:53:09', 1),
(1499, 608, 'Feuerwehr', 3, '2023-01-16 16:53:09', 1),
(1500, 609, 'Bedarf ist der Teil der Bedürfnisse, für den Kaufkraft zur Verfügung steht', 3, '2023-01-16 16:53:09', 1),
(1501, 610, 'Maximalprinzip', 3, '2023-01-16 16:53:09', 1),
(1502, 611, 'Minimalprinzip', 3, '2023-01-16 16:53:09', 1),
(1503, 612, 'Maximalprinzip', 3, '2023-01-16 16:53:09', 1),
(1504, 613, 'Maximalprinzip', 3, '2023-01-16 16:53:09', 1),
(1505, 614, 'Maximalprinzip', 3, '2023-01-16 16:53:09', 1),
(1506, 615, 'Technische Universität Berlin', 3, '2023-01-16 16:53:09', 1),
(1507, 616, 'Kennzeichnend für gemeinwirtschaftliche Betriebe ist das Versorgungsprinzip', 3, '2023-01-16 16:53:09', 1),
(1508, 617, 'Kennzeichnend für erwerbswirtschaftliche Betriebe ist die Gewinnerzielungsabsicht', 3, '2023-01-16 16:53:09', 1),
(1509, 618, 'Arbeit, dispositiver Faktor, Betriebsmittel, Werkstoffe und Waren, Rechte', 3, '2023-01-16 16:53:09', 1),
(1510, 619, 'Der betriebswirtschaftliche Produktionsfaktor umfasst alle Maschinen im Betrieb', 3, '2023-01-16 16:53:09', 1),
(1511, 620, 'Güter - Wirtschaftsgüter - Sachgüter - Produktionsgüter - Gebrauchsgüter - Multifunktionsdrucker', 3, '2023-01-16 16:53:09', 1),
(1512, 621, 'Peter Schmitz, angestellt in einem Systemhaus, baut in einen Kunden-PC eine neue Grafikkarte ein', 3, '2023-01-16 16:53:09', 1),
(1513, 622, 'Ein Mitarbeiter der ACI Computer GmbH stellt im Versand die Auslieferungen an die Kunden zusammen', 3, '2023-01-16 16:53:09', 1),
(1514, 623, 'Boden als Standortboden', 3, '2023-01-16 16:53:09', 1),
(1515, 624, 'Boden als Abbauboden', 3, '2023-01-16 16:53:09', 1),
(1516, 625, 'Tertiärer Sektor', 3, '2023-01-16 16:53:09', 1),
(1517, 626, 'Sekundärer Sektor', 3, '2023-01-16 16:53:09', 1),
(1518, 627, 'PC und Drucker', 3, '2023-01-16 16:53:09', 1),
(1519, 628, 'Betriebsmittel', 3, '2023-01-16 16:53:09', 1),
(1520, 629, 'Der Bau verstößt nicht gegen das ökonomische Prinzip, weil die Kinderbetreuung notwendig ist, Mitarbeiter/-innen im Unternehmen zu halten', 3, '2023-01-16 16:53:09', 1);

INSERT INTO `questions` (`id`, `question`, `typeOfQuestion`, `status`, `subjectId`) VALUES
(1, 'Eine Hausfrau kauft am Markt meistens kurz vor Schluss ein, weil sie dann ihre Früchte billiger erhält:;Homogenität der Güter;persönliche Präferenzen;räumliche Präferenzen;zeitliche Präferenzen;Markttransparenz', 'multiSingle', 1, 1),
(2, 'Eine Hausfrau kauft vorwiegend bei einem Einzelhändler ein, mit dem sie befreundet ist:;Homogenität der Güter;persönliche Präferenzen;räumliche Präferenzen;zeitliche Präferenzen;Markttransparenz', 'multiSingle', 1, 1),
(3, 'Anbieter und Nachfrager sind über die Verkaufs- und Kaufbedingungen vollständig informiert:;Homogenität der Güter;persönliche Präferenzen;räumliche Präferenzen;zeitliche Präferenzen;Markttransparenz', 'multiSingle', 1, 1),
(4, 'Der einzige Bäcker am Ort verkauft ein Brötchen um drei Cent teurer als der zwölf km weiter entfernte Bäcker:;Homogenität der Güter;persönliche Präferenzen;räumliche Präferenzen;zeitliche Präferenzen;Markttransparenz', 'multiSingle', 1, 1),
(5, 'Eine bestimmte Pralinensorte wird wegen der ansprechenden Verpackung bevorzugt gekauft:;Homogenität der Güter;persönliche Präferenzen;räumliche Präferenzen;zeitliche Präferenzen;Markttransparenz', 'multiSingle', 1, 1),
(6, 'Ein Bahnhofskiosk eines Hauptbahnhofs in der Großstadt hat Tag und Nacht geöffnet:;Homogenität der Güter;persönliche Präferenzen;räumliche Präferenzen;zeitliche Präferenzen;Markttransparenz', 'multiSingle', 1, 1),
(7, 'Ein Unternehmer verkauft seine Erzeugnisse im Ausland billiger als im Inland:;Homogenität der Güter;persönliche Präferenzen;räumliche Präferenzen;zeitliche Präferenzen;Markttransparenz', 'multiSingle', 1, 1),
(8, 'Ein Unternehmer bezieht aus traditionell freundschaftlichen Gründen seine Rohstoffe jahrzehntelang vom gleichen Lieferer:;Homogenität der Güter;persönliche Präferenzen;räumliche Präferenzen;zeitliche Präferenzen;Markttransparenz', 'multiSingle', 1, 1),
(9, 'Ein Kunde kauft stets eine bestimmte Automarke, weil der Hersteller einen guten Kundendienst unterhält:;Homogenität der Güter;persönliche Präferenzen;räumliche Präferenzen;zeitliche Präferenzen;Markttransparenz', 'multiSingle', 1, 1),
(10, 'Ein junger Mann nutzt die Gelegenheit, in einem bestimmten Laden zu kaufen, weil er dort von einer Verkäuferin bedient wird, die ihm gefällt:;Homogenität der Güter;persönliche Präferenzen;räumliche Präferenzen;zeitliche Präferenzen;Markttransparenz', 'multiSingle', 1, 1),
(11, 'Auf welchem Markt bestehen <b>keine räumlichen und zeitlichen Präferenzen</b>?;Kapitalmarkt;Agrarmarkt;Gebietsmarkt;Punktmarkt', 'multiSingle', 1, 1),
(12, 'Auf dem Investitionsgütermarkt werden nachgefragt:;private Geldanlagen in Form von Aktien;Rohstoffe der Unternehmer;Waschmaschinen der privaten Haushalte;Grundstücke der Unternehmer', 'multiSingle', 1, 1),
(13, 'Die Börse ist ein:;Punktmarkt;Gebietsmarkt;regulierter Markt;heterogener Markt', 'multiSingle', 1, 1),
(14, 'Bei einem homogenen Markt sind die Marktgüter:;qualitätsbeständig;preiswert;gleichartig;verschiedenartig', 'multiSingle', 1, 1),
(15, 'Auf dem unvollkommenen Markt besteht in der Regel:;personelle Gleichartigkeit;Markttransparenz;Homogenität der Güter;Heterogenität der Güter', 'multiSingle', 1, 1),
(16, 'Ein regulierter Markt liegt vor, wenn das Marktgeschehen:;sich an der Börse abspielt;institutionalisiert ist;sich bei Banken vollzieht;vom Staat gelenkt wird', 'multiSingle', 1, 1),
(17, 'Ein unvollkommener Markt ist stets gegeben, wenn:;die Güter gleichartig sind;keine Präferenzen vorhanden sind;Präferenzen vorhanden sind;Markttransparenz vorliegt', 'multiSingle', 1, 1),
(18, 'Viele Bauern liefern Zuckerrüben an eine Zuckerfabrik:;Polypol;Oligopol;Monopol;Beschränktes Nachfragemonopol;Nachfragemonopol;Zweiseitiges Oligopol', 'multiSingle', 1, 1),
(19, 'Wenige Kunsthändler bieten seltene und sehr teure Kunstschätze wenigen Nachfragern an:;Polypol;Oligopol;Monopol;Beschränktes Nachfragemonopol;Nachfragemonopol;Zweiseitiges Oligopol', 'multiSingle', 1, 1),
(20, 'Ein Erfinder ist Inhaber eines Patents und bietet vielen Herstellern die Lizenz an:;Polypol;Oligopol;Monopol;Beschränktes Nachfragemonopol;Nachfragemonopol;Zweiseitiges Oligopol', 'multiSingle', 1, 1),
(21, 'Viele Bauern produzieren Milch für viele Verbraucher:;Polypol;Oligopol;Monopol;Beschränktes Nachfragemonopol;Nachfragemonopol;Zweiseitiges Oligopol', 'multiSingle', 1, 1),
(22, 'Das Beschaffungsamt der Bundeswehr bezieht von wenigen Herstellern Waffen:;Polypol;Oligopol;Monopol;Beschränktes Nachfragemonopol;Nachfragemonopol', 'multiSingle', 1, 1),
(23, 'Viele Blumenläden verkaufen Blumen an Haushalte:;Polypol;Oligopol;Monopol;Beschränktes Nachfragemonopol;Nachfragemonopol;Zweiseitiges Oligopol', 'multiSingle', 1, 1),
(24, 'Wenige Hersteller produzieren Zigaretten für eine Vielzahl von Zigarettenrauchern:;Polypol;Oligopol;Monopol;Beschränktes Nachfragemonopol;Nachfragemonopol;Zweiseitiges Oligopol', 'multiSingle', 1, 1),
(25, 'Der einzige Kunststeinerzeuger beliefert viele Bauunternehmer:;Polypol;Oligopol;Monopol;Beschränktes Nachfragemonopol;Nachfragemonopol;Zweiseitiges Oligopol', 'multiSingle', 1, 1),
(26, 'Die EZB hat das alleinige Recht zur Ausgabe von Banknoten und Münzen:;Polypol;Oligopol;Monopol;Beschränktes Nachfragemonopol;Nachfragemonopol;Zweiseitiges Oligopol', 'multiSingle', 1, 1),
(27, 'Wenige Hersteller produzieren Waschmittel für viele Haushalte:;Polypol;Oligopol;Monopol;Beschränktes Nachfragemonopol;Nachfragemonopol;Zweiseitiges Oligopol', 'multiSingle', 1, 1),
(28, 'Für viele Studenten stehen in einer großen Universitätsstadt Zimmer zur Verfügung:;Polypol;Oligopol;Monopol;Beschränktes Nachfragemonopol;Nachfragemonopol;Zweiseitiges Oligopol', 'multiSingle', 1, 1),
(29, 'Wenige Unternehmer stellen für die Bundeswehr Kettenfahrzeuge her:;Polypol;Oligopol;Monopol;Beschränktes Nachfragemonopol;Nachfragemonopol;Zweiseitiges Oligopol', 'multiSingle', 1, 1),
(30, 'Welche der folgenden Märkte sind nach der quantitativen Besetzung der beiden Marktseiten unterteilt?;Punkt- und Gebietsmarkt;homogener und heterogener Markt;Polypol- und Oligopolmarkt;vollkommener und unvollkommener Markt', 'multiSingle', 1, 1),
(31, 'In welcher Marktform besitzt der Anbieter die größte Marktmacht?;Oligopol;Nachfrageoligopol;Nachfragemonopol;Polypol ', 'multiSingle', 1, 1),
(32, 'Der Anbieter der Marktform eines Polypols:;kann den Preis festlegen;betreibt aktive Marktpolitik;reagiert nicht auf Preisveränderungen;ist ein Mengenanpasser', 'multiSingle', 1, 1),
(33, 'Bei zunehmender Anzahl der Marktteilnehmer wird:;der Wettbewerb schwächer;die Marktmacht kleiner;der Marktanteil größer;die Marktmacht größer', 'multiSingle', 1, 1),
(34, 'In welcher Marktform ist für den Anbieter der Preis ein Plandatum?;Monopol;Oligopol;Polypol;Nachfrageoligopol', 'multiSingle', 1, 1),
(35, 'Ein Automobilunternehmen hat einen Zuliefererbetrieb, der nur für das Autowerk Pkw-Spezialteile liefert. Wie bezeichnet man diese Marktform?;Zweiseitiges Monopol;Beschränktes Nachfragemonopol;Zweiseitiges Oligopol;Beschränktes Monopol', 'multiSingle', 1, 1),
(36, 'Wie wird sich ein einziger Anbieter in der Regel verhalten, der vielen Nachfragern gegenübersteht?;Er richtet sich nach der Konkurrenz;Er beachtet das Nachfrageverhalten nicht;Er ist Preisnehmer;Er ist Preisfixierer', 'multiSingle', 1, 1),
(37, 'Der Staat als Bauherr vergibt an viele Unternehmer Aufträge zum Bau von Autobahnen und Flughäfen. Wie bezeichnet man diese Marktform?;Oligopol;Nachfragemonopol;Nachfrageoligopol;Monopol', 'multiSingle', 1, 1),
(38, 'test', 'explain', 0, 2),
(39, 'ring Topology', 'explain', 1, 2),
(40, 'bus Topology', 'explain', 1, 2),
(41, 'stern Topology', 'explain', 1, 2),
(42, 'Harte, weiche und feste Echtzeit', 'explain', 1, 2),
(43, 'duplex: simplex, halb duplex, voll duplex', 'explain', 1, 2),
(44, 'OSI', 'abv', 1, 2),
(45, 'ISO', 'abv', 1, 2),
(46, 'Anwendung Darstellung Sitzung Transport Vermittlung Sicherung Bitübertragung', 'sort', 1, 2),
(47, 'koaxialkabel', 'explain', 1, 2),
(48, 'twisted pair', 'explain', 1, 2),
(49, 'cat 3 Speed', 'whats', 1, 2),
(50, 'cat 3 used adern', 'whatr', 1, 2),
(51, 'cat 3 Name', 'whats', 1, 2),
(52, 'cat 5 Speed', 'whats', 1, 2),
(53, 'cat 5 used adern', 'whatr', 1, 2),
(54, 'cat 5 Name ', 'whats', 1, 2),
(55, 'cat 5e Speed', 'whats', 1, 2),
(56, 'cat 5e number of adern', 'whats', 1, 2),
(57, 'cat 5e Name', 'whats', 1, 2),
(58, 'cat 5e e meaning', 'whats', 1, 2),
(59, 'cat 6 Speed * 3', 'whatr', 1, 2),
(60, 'cat 6 number of adern', 'whats', 1, 2),
(61, 'cat 6 Name  for 1000 Mb/s and for from 2,5Gb/s and 5Gb/s', 'whatr', 1, 2),
(62, 'cat 6A Speed in Gb/s', 'whats', 1, 2),
(63, 'cat 6A adern anzahl', 'whats', 1, 2),
(64, 'cat 6A Name', 'whats', 1, 2),
(65, 'A in 6A', 'whats', 1, 2),
(66, 'cat 7 8 adernanzahl', 'whats', 1, 2),
(67, 'cat 7 8 Name * 2', 'whatr', 1, 2),
(68, 'click 1 2 3;1;2;3;4;5', 'multiMulti', 0, 3),
(69, 'welchen Stellenwert hat die dritte Stelle links vo Komma im Dezimalsystem', 'nothing', 1, 4),
(70, 'welchen Stellenwert hat die dritte Stelle links vo Komma im Dualsystem', 'nothing', 1, 4),
(71, 'welchen Stellenwert hat die dritte Stelle links vo Komma im Hexadezimalsystem', 'nothing', 1, 4),
(72, 'Das Dualsystem benutzt zwei Ziffern zur Darstellung einer Zahl;richtig;falsch', 'multiSingle', 1, 4),
(73, 'Das letzte Zeichen des Hexadezimalsystems ist das \"g\";richtig;falsch', 'multiSingle', 1, 4),
(74, 'Es gibt nur 4 Zahlensystem;richtig;falsch', 'multiSingle', 1, 4),
(75, 'Es gibt Zeichen, welche in mehreren Zahlensystemen verwendet werden;richtig;falsch', 'multiSingle', 1, 4),
(76, 'Zahlen des Dezimalsystems können zur Unterscheidung mit einem \"d\" gekennzeichnet werden;richtig;falsch', 'multiSingle', 1, 4),
(77, 'Dualsystem lassen sich nur schwer in Hexadezimalzahlen umwandeln;richtig;falsch', 'multiSingle', 1, 4),
(78, '217 in Dualzahl', 'nothing', 1, 4),
(79, '217 in Hexadezimal', 'nothing', 1, 4),
(80, '1100 0011 in Dezimadezimal', 'nothing', 1, 4),
(81, '1100 0011 in Hexadezimal', 'nothing', 1, 4),
(82, 'a3 in Dezimadezimal', 'nothing', 1, 4),
(83, 'a3 in Dualzahl', 'nothing', 1, 4),
(84, '188 in Dualzahl', 'nothing', 1, 4),
(85, '188 in Hexadezimal', 'nothing', 1, 4),
(86, '0110 1011 in Dezimadezimal', 'nothing', 1, 4),
(87, '0110 1011 in Hexadezimal', 'nothing', 1, 4),
(88, 'e8 in Dezimadezimal', 'nothing', 1, 4),
(89, 'e8 in Dualzahl', 'nothing', 1, 4),
(90, '430 in Dualzahl', 'nothing', 1, 4),
(91, '430 in Hexadezimal', 'nothing', 1, 4),
(92, '2ee3 in Dezimadezimal', 'nothing', 1, 4),
(93, '2ee3 in Dualzahl', 'nothing', 1, 4),
(94, '1010 1010 0011 0111 in Dezimadezimal', 'nothing', 1, 4),
(95, '1010 1010 0011 0111 in Hexadezimal', 'nothing', 1, 4),
(96, '-5 in Dualzahl', 'nothing', 1, 5),
(97, '-5 in Hexadezimal', 'nothing', 1, 5),
(324, 'Warum ist das Internet vermascht aufgebaut?;um Kosten zu sparen;aus Gründen der Ausfallsicherheit;hat sich historisch ergeben;um Kabel zu sparen;aus Gründen der Übersichtlichkeit', 'multiSingle', 1, 6),
(325, 'Geben Sie bitte 3 Medien an, die zur Datenübertragungen in Netzwerken eingesetzt werden. (X 3)', 'nothing', 1, 6),
(326, 'Welche Vorteile bietet LWL gegenüber Kupferkabeln (X 3) ?;ist Kostengünstiger bei der Konfektionierung;größere Distanzen sind überbrückbar;ist unempfindlich gegenüber Magnetfeldern;erlaubt noch höhere Übertragungsgeschwindigkeiten;LWL-Technik ist Preiswerter als Cu(Kupfer)-Technik', 'multiMulti', 1, 6),
(327, 'Welche(n) Nachteil(e) hat LWL gegenüber Kupferkabel (X 2) ?;hohe Konfektionierungskosten (Spleißen);nur geringe Entfernungen sind überbrückbar;ist empfindlicher gegenüber Magnetfeldern;erlaubt nur geringe Übertragungsgeschwindigkeiten;LWL-Technik ist teurer als Cu(Kupfer)-Technik', 'multiMulti', 1, 6),
(328, 'Wie lang darf ein TP-Kabel für eine Netzwerkverbindung maximal sein?;10 m;50 m;100 m;150 m;200 m', 'multiSingle', 1, 6),
(329, 'Welcher Kategorie muss ein TP-Kabel entsprechen um 1000Mbit/s zu übertragen?;Cat 2;Cat 3;Cat 4;Cat 5;Cat 6', 'multiSingle', 1, 6),
(330, 'Der mögliche Umsatz zu diesem Preis beträgt 1.250,00 €\r\nWas bedeutet WLAN nach Standard IEEE 802.11 g  (X 2)  ?;Nur 54Mbit/s Übertragungsgeschwindigkeit;11Mbit/s und 54Mbit/s Übertragungsgeschwindigkeiten;ISM-Band (Frequenzbereich 2,4 GHz);Frequenzbereich 5 GHz;kompatibel zu IEEE 802.11 a', 'multiMulti', 1, 6),
(331, 'Was bedeuten WLAN nach Standart IEEE 802.11 n (X 3) ?;Nur 54Mbit/s Übertragungsgeschwindigkeit;11Mbit/s, 54Mbit/s und 600Mbit/s Übertragungsgeschwindigkeiten;abwärtskompatibel zu IEEE 802.11 b und IEEE 802.11 g;kompatibel zu IEEE 802.11 ac;nur 600Mbit/s', 'multiMulti', 1, 6),
(332, 'Was ist beim Einsatz eines WLANs nach IEEE 802.11 zu beachten?;ist immer einer Kabelverbindung vor zu ziehen;die Reichweite ist auf wenige cm begrenzt;der Datenstrom muss nicht verschlüsselt werden;der Datenstrom muss verschlüsselt werden;ist auf jeden Fall schneller, als eine Kabelverbindung', 'multiSingle', 1, 6),
(333, 'Warum ist das OSI-Model in Schichten aufgebaut?;ist historisch gewachsen;nur in Schichten aufgebaute Modelle funktionieren;um Schichten austauschen und modernisieren zu können;nur in Schichten aufgebaute Modelle sind schnell;aus Gründen der Übersichtlichkeit', 'multiSingle', 1, 6),
(334, 'Welche besondere Netzwerkadresse trägt eine Netzwerkkarte?', 'nothing', 1, 6),
(335, 'Welche Besonderheit hat diese Netzwerkkarten-Adresse?;sollte weltweit einmalig sein;ändert sich täglich;wird binär dargestellt;wird dezimal dargestellt;ist so lang wie ein Datenpaket', 'multiSingle', 1, 6),
(336, 'Was macht eine Netzwerkkarte mit einem Datenpaket, das nicht für sie bestimmt ist?;speichert es;schickt es als UNERWÜNSCHT zurück;verwirft es;analysiert es;gibt es an die höheren Schichten weiter', 'multiSingle', 1, 6),
(337, 'Was muss mit der Netzwerkkarte geschehen, wenn man einen Sniffer einsetzen möchte?;sie muss im PCI-Slot stecken;sie muss im PCIe-Slot stecken;sie muss im AGP-slot stecken;sie muss in einen besonderen (SNIFFING) Modus gesetzt werden;sie muss einen LWL-Anschluss besitzen', 'multiSingle', 1, 6),
(338, 'Wo wird CSMA/CD eingesetzt (x2) ?;in einem Netzwerk mit Kupferkabel;in einem Netzwerk mit LWL-Kabeln;im WLAN;bei Übertragung über seriellen Port;bei Übertragung über den Parallelport', 'multiMulti', 1, 6),
(339, 'Wo wir CSMA/CA eingesetzt?;in einem Netzwerk mit Kupferkabel;in einem Netzwerk mit LWL-Kabel;im WLAN;bei Übertragung über seriellen Port;bei Übertragung über den Parallelport', 'multiSingle', 1, 6),
(340, 'Zu welcher Schicht des OSI-Models wird die MAC-Adresse gezählt?;1;3;5;9;2', 'multiSingle', 1, 6),
(341, 'Was ist ein VLAN Switch?;ein Switch für drahtlose Netzwerke;ein Switch für WiMax;ein Switch für Bluetooth;ein Switch, der verschlüsselte Verbindungen aufbaut;ein Switch, der ein physikalisches Netz in mehrere logische Netze aufteilen kann', 'multiSingle', 1, 6),
(342, 'Welche Adresse nutzt ein Switch für die innere Verarbeitung?', 'nothing', 1, 6),
(343, 'Was wird durch den Austausch eines HUBs gegen einen Switch erreicht (x2) ?;es ist einfach zu Sniffen;höhere Sicherheit gegen Sniffing;höhere Geschwindigkeit des Gesamtnetzes;das Netz kann SCSI Kommandos verarbeiten;das Netz kann DIE Kommandos verarbeiten', 'multiMulti', 1, 6),
(344, 'Nennen Sie 2 Vorteile eines Netzwerks', 'nothing', 1, 6),
(345, 'Nennen Sie 2 Nachteile eines Netzwerks', 'nothing', 1, 6),
(346, 'Nennen Sie die 3 Topologie Grundformen', 'nothing', 1, 6),
(347, 'Eine Antenne hat einen Gewinn von 13dBi.\nDer Gesetzgeber lässt im 5 GHz Bereich eine Maximale Ausgangsleistung von 1000 mW EIRP zu.\nAuf welchen Wert muss die Ausgangsleistung (ERP) bei der o.g. Antennen reduziert werden?', 'nothing', 1, 6),
(396, 'Warum ist das Internet vermascht aufgebaut?;um Kosten zu sparen;aus Gründen der Ausfallsicherheit;hat sich historisch ergeben;um Kabel zu sparen;aus Gründen der Übersichtlichkeit', 'multiSingle', 1, 7),
(397, 'Warum ist das OSI-Modell in Schichten aufgebaut?;hat sich historisch ergeben;nur in Schichten aufgebaute Modelle funktionieren;um einzelne Schichten austauschen / modernisieren zu können;nur in Schichten aufgebaute Modelle sind schnell;nur in Schichten aufgebaute Modelle haben eine geringe Latenz', 'multiSingle', 1, 7),
(398, 'Welche Medien (Schicht 0) werden zur Datenübertragung eingesetzt (X 3) ?', 'nothing', 1, 7),
(399, 'Welche Nachteile hat Lichtwellenleiter (LWL) gegenüber Kupferkabeln (x2)?;hohe Konfektionierungskosten;nur geringe Entfernungen sind überbrückbar;ist empfindlich gegenüber Magnetfeldern;erlaubt nur geringe Übertragungsgeschwindigkeiten;LWL-Netzwerkkarten sind vergleichsweise teuer', 'multiMulti', 1, 7),
(400, 'Wie lang darf ein TP-Kabel für eine Netzwerkverbindung maximal sein?', 'nothing', 1, 7),
(401, 'Welcher Kategorie muss ein TP-Kabel entsprechen, um 1000 Mbit/s übertragen zu können?', 'nothing', 1, 7),
(402, 'Welchen Vorteil hat der WLAN-Standard IEEE 802.11 ax (WIFI 6) (x2)?;bis zu 11 Mbit/s Übertragungsgeschwindigkeit;bis zu 30 Mbit/s Übertragungsgeschwindigkeit;bis zu 54 Mbit/s Übertragungsgeschwindigkeit;kompatibel zu IEEE 802.11 n (WIFI 4) und ac (WIFI 5);Übertragungsgeschwindigkeit bis zu 9600 Mbit/s', 'multiMulti', 1, 7),
(403, 'Was ist beim Einsatz eines WLANS zu beachten?;ist immer einer Kabelverbindung vorzuziehen;die Reichweite ist auf Sichtweite begrenzt;der Datenstrom sollte / muss nicht verschlüsselt werden;der Datenstrom sollte / muss verschlüsselt werden;ist auf jeden Fall sicherer, als eine LWL-Verbindung', 'multiSingle', 1, 7),
(404, 'Eine Antenne hat einen Gewinn von 19 dB. <br>Wie hoch darf dieAusgangsleistung (ERP) sein, wenn der Gesetzgeber eine maximale Strahlungsleistung von 1000 mW (EIRP) erlaubt?', 'nothing', 1, 7),
(405, 'Welche besondere Adresse trägt die Netzwerkkarte?', 'nothing', 1, 7),
(406, 'Nennen Sie 3 Eigenschaft der Nezwerkarten-Adresse:', 'nothing', 1, 7),
(407, 'Was macht eine Netzwerkkarte mit einem Datenpaket, das nicht für sie bestimmt ist?;speichert es;schickt es als unerwünscht zurück;verwirft es;analysiert es;gibt es an die höheren Schichten weiter', 'multiSingle', 1, 7),
(408, 'Was ist zu beachten, wenn man betrieblich einen Sniffer einsetzt (x2) ?;der Vorgesetzte ist zu informieren;der Einsatz eines Sniffers ist grundsätzlich verboten;der Einsatz eines Sniffers ist grundsätzlich erlaubt;der Betriebsrat (wenn vorhanden) ist zu informieren;die gesamte Belegschaft ist zu informieren', 'multiMulti', 1, 7),
(409, 'Wo wird CSMA/CD eingesetzt?;Netzwerken mit Kupferkabeln;in Netzwerken mit LWL-Kabeln;im WLAN;beim Einsatz eines Sniffers;bei der Übertragungen paralleler Daten', 'multiMulti', 1, 7),
(410, 'Wo wird CSMA/CA eingesetzt?;in Netzwerken mit Kupferkabeln;in Netzwerken mit LWL-Kabeln;im WLAN;beim Einsatz eines Sniffers;bei der Übertragungen paralleler Daten', 'multiSingle', 1, 7),
(411, 'Zu welcher Schicht des OSI-Modells wird ein simpler (unmanaged) Switch gerechnet?', 'nothing', 1, 7),
(412, 'Was ist ein VLAN-Switch?;ein Switch für drahtlose Netze;ein Switch für WiMax;ein Switch für Bluetooth;ein Switch, der verschlüsselte Verbindungen aufbaut;ein Switch, der ein physisches Netz in mehrere logische Netze aufteilen kann', 'multiSingle', 1, 7),
(413, 'Welche Adresse nutzt der VLAN-Switch für die interne Verarbeitung?', 'nothing', 1, 7),
(414, 'Was wird durch den Austausch eines Hubs, gegen einen Switch erreicht?;es ist einfacher zu sniffen;eine höhere Sicherheit gegen Sniffing wird erreicht;eine höhere Geschwindigkeit des gesamten Netzes wird erreicht;das Netzwerk kann iSCSI-Kommandos übertragen;das Netzwerk kann IDE-Kommandos verarbeiten', 'multiMulti', 1, 7),
(415, 'Nennen Sie einen Vorteil eines Netzwerkes', 'nothing', 1, 7),
(416, 'Nennen Sie einen Nachteil eines Netzwerkes', 'nothing', 1, 7),
(417, 'Nennen Sie die 3 Topologie-Grundformen', 'nothing', 1, 7),
(419, 'Was bedeutet Link-Aggregation (Trunking, Bonding)?;Bündelung mehrerer physischer Ports zu einem logischen Port;Bündelung mehrerer logischer Ports zu einem physischen Port;gleichbedeutend mit Tagging;das Kennzeichnen eines Datenpaketes;die Speicherung der Konfigurationsdatei eines Switches', 'multiSingle', 1, 7),
(420, 'https://upload.wikimedia.org/wikipedia/commons/thumb/c/c2/IEC_AND_label.svg/250px-IEC_AND_label.svg.png;Select;Und-Gatter;Oder-Gatter;Nicht-Gatter;NAND-Gatter;NOR-Gatter;XOR-Gatter;XNOR-Gatter ', 'multiSingleImage', 1, 5),
(421, 'https://upload.wikimedia.org/wikipedia/commons/thumb/4/40/IEC_OR_label.svg/250px-IEC_OR_label.svg.png;select;Und-Gatter;Oder-Gatter;Nicht-Gatter;NAND-Gatter;NOR-Gatter;XOR-Gatter;XNOR-Gatter', 'multiSingleImage', 1, 5),
(422, 'https://upload.wikimedia.org/wikipedia/commons/thumb/3/31/IEC_NOT_label.svg/250px-IEC_NOT_label.svg.png;select;Und-Gatter;Oder-Gatter;Nicht-Gatter;NAND-Gatter;NOR-Gatter;XOR-Gatter;XNOR-Gatter', 'multiSingleImage', 1, 5),
(423, 'https://upload.wikimedia.org/wikipedia/commons/thumb/b/b1/IEC_NAND_label.svg/250px-IEC_NAND_label.svg.png;select;Und-Gatter;Oder-Gatter;Nicht-Gatter;NAND-Gatter;NOR-Gatter;XOR-Gatter;XNOR-Gatter', 'multiSingleImage', 1, 5),
(424, 'https://upload.wikimedia.org/wikipedia/commons/thumb/3/37/IEC_NOR_label.svg/250px-IEC_NOR_label.svg.png;select;Und-Gatter;Oder-Gatter;Nicht-Gatter;NAND-Gatter;NOR-Gatter;XOR-Gatter;XNOR-Gatter', 'multiSingleImage', 1, 5),
(425, 'https://upload.wikimedia.org/wikipedia/commons/thumb/6/6c/IEC_XOR_label.svg/250px-IEC_XOR_label.svg.png;select;Und-Gatter;Oder-Gatter;Nicht-Gatter;NAND-Gatter;NOR-Gatter;XOR-Gatter;XNOR-Gatter', 'multiSingleImage', 1, 5),
(426, 'https://upload.wikimedia.org/wikipedia/commons/thumb/6/6b/IEC_XNOR_label.svg/250px-IEC_XNOR_label.svg.png;select;Und-Gatter;Oder-Gatter;Nicht-Gatter;NAND-Gatter;NOR-Gatter;XOR-Gatter;XNOR-Gatter', 'multiSingleImage', 1, 5),
(427, 'https://wikimedia.org/api/rest_v1/media/math/render/svg/6fc95189a3b33a78f30879d0f2384e9093d0e6b3;select;disjunktiv;konjuntiv', 'multiSingleImage', 1, 5),
(428, 'LWL Multimode Kerndurchmesser in Mikrometer?', 'nothing', 1, 2),
(429, 'LWL Multimode Manteldurchmesser in Mikrometer?', 'nothing', 1, 2),
(430, 'LWL Singlemode Kerndurchmesser in Mikrometer?', 'nothing', 1, 2),
(431, 'LWL Singlemode Manteldurchmesser in Mikrometer?', 'nothing', 1, 2),
(432, 'Was sind die 3 verschiedene Zuordnung von Dämpfung?', 'nothing', 1, 2),
(433, 'SX Dämpfung Bereich in Nanometre?', 'nothing', 1, 2),
(434, 'LX Dämpfung Bereich in Nanometre?', 'nothing', 1, 2),
(435, 'ZX Dämpfung Bereich in Nanometre?', 'nothing', 1, 2),
(436, 'http://gregor.w-games.de/img/xbereich.jpg;Welcher bereich ist X Bereich?;Primärbereich;Sekundärbereich;Tertiärbereich', 'multiSingleImage', 1, 2),
(437, 'Bingeglied zwichen TP-Kabel und LWL mit?', 'nothing', 1, 2),
(438, 'Regel für Verkabelung Twisted pair für bis:', 'nothing', 1, 2),
(439, 'Regel für Verkabelung Multimode-LWL bis:', 'nothing', 1, 2),
(440, 'Regel für Verkabelung Singlemode-LWL ab:', 'nothing', 1, 2),
(441, 'iEEE 802.11 a Frequenzbereich in GHz?', 'nothing', 1, 2),
(442, 'iEEE 802.11 b Frequenzbereich in GHz?', 'nothing', 1, 2),
(443, 'iEEE 802.11 g Frequenzbereich in GHz?', 'nothing', 1, 2),
(444, 'iEEE 802.11 n Frequenzbereich in GHz?', 'nothing', 1, 2),
(445, 'iEEE 802.11 ac Frequenzbereich in GHz?', 'nothing', 1, 2),
(446, 'iEEE 802.11 ax Frequenzbereich in GHz?', 'nothing', 1, 2),
(447, 'WIFI 6E  Frequenzbereich in GHz?', 'nothing', 1, 2),
(448, 'iEEE 802.11 n Wifi Nummer?', 'nothing', 1, 2),
(449, 'iEEE 802.11 ac Wifi Nummer?', 'nothing', 1, 2),
(450, 'iEEE 802.11 ax Wifi Nummer?', 'nothing', 1, 2),
(524, 'Welche der folgenden Bedingungen ist für einen vollkommenen Markt notwendig?;Verschiedenartigkeit der Guter;persönliche Präferenzen;fehlende Transparenz für die Anbieter;fehlende Transparenz für die Nachfrager;Homogenität (Gleichartigkeit) der Guter', 'multiSingle', 1, 8),
(525, 'Eine Hausfrau kauft am Markt immer bei einem bestimmten Handler ein, auch wenn andere Handler die Ware billiger anbieten.\nWelche Bedingung des unvollkommenen Marktes wird hier beschrieben?;persönliche Präferenz;zeitliche Präferenz;räumliche Präferenz;fehlende Markttransparenz;Vielfalt der Guter', 'multiSingle', 1, 8),
(526, 'Welche Marktform ist gegeben, wenn wenige Kunsthändler sehr teure und seltene Kunstgegenstande wenigen Nachfragern anbieten?;\nAngebotsmonopol;Nachfragemonopol;Zweiseitiges Oligopol;Angebotsoligopol;Polypol', 'multiSingle', 1, 8),
(527, 'Über den Preis werden die nicht konkurrenzfähigen Anbieter und die nicht kaufkräftigen Nachfrager vom Markt verdrängt.\nWelche Funktion des Marktpreises wird hier beschrieben?;Anreizfunktion;Signalfunktion;Steuerungsfunktion;Ausgleichsfunktion;Ausschaltungsfunktion', 'multiSingle', 1, 8),
(528, 'In welchem Fall steigt bei vollkommenem Wettbewerb der Gleichgewichtspreis?;Wenn das Angebot steigt;Wenn das Angebot bei unveränderter Nachfrage steigt;Wenn das Angebot bei unveränderter Nachfrage sinkt;Wenn die Nachfrage bei unverändertem Angebot sinkt;Wenn das Angebot steigt und gleichzeitig die Nachfrage sinkt', 'multiSingle', 1, 8),
(529, 'In welchem Fall sinkt bei vollkommenem Wettbewerb der Gleichgewichtspreis?;Wenn das Angebot sinkt;Wenn das Angebot bei unveränderter Nachfrage sinkt;Wenn das Angebot bei unveränderter Nachfrage steigt;Wenn die Nachfrage bei unverändertem Angebot steigt;Wenn das Angebot sinkt und gleichzeitig die Nachfrage steigt', 'multiSingle', 1, 8),
(530, 'Was erzielt ein Anbieter, der einen höheren Preis erhält, als er kalkuliert hat?;Produzentendividende;Konsumentendividende;Marktgleichgewicht;Produzentenrente;Konsumentenrente', 'multiSingle', 1, 8),
(531, 'Was erzielt ein Nachfrager, der bereit war, auch zu einem höheren Preis als dem Gleichgewichtspreis zu kaufen?;Produzentendividende;Konsumentendividende;Marktgleichgewicht;Produzentenrente;Konsumentenrente', 'multiSingle', 1, 8),
(532, 'http://gregor.w-games.de/img/wisoFragen1.png;Welche Aussage über die Gleichgewichtsmenge und den Gleichgewichtspreis trifft zu?;Die Gleichgewichtsmenge beträgt 30 Stück, der Gleichgewichtspreis 30,00 €;Die Gleichgewichtsmenge beträgt 40 Stück, der Gleichgewichtspreis 30,00 €;Die Gleichgewichtsmenge beträgt 20 Stück, der Gleichgewichtspreis 50,00 €;Die Gleichgewichtsmenge beträgt 50 Stück, der Gleichgewichtspreis 50,00 €;Die Gleichgewichtsmenge beträgt 50 Stück, der Gleichgewichtspreis 60,00 €', 'multiSingleImage', 1, 8),
(533, 'http://gregor.w-games.de/img/wisoFragen1.png;Wie hoch ist der Umsatz, der beim Gleichgewichtspreis erzielt wird?;2.000€;2.500€;3.000€;3.500 €;5.000 €', 'multiSingleImage', 1, 8),
(534, 'http://gregor.w-games.de/img/wisoFragen1.png;Wie hoch ist der Angebotsüberhang bei einem Preis von 60,00 €?;5 Stück;10 Stück;15 Stück;20 Stück;30 Stück', 'multiSingleImage', 1, 8),
(535, 'http://gregor.w-games.de/img/wisoFragen1.png;Wie hoch ist die Produzentenrente pro Stück bei einer Angebotsmenge von 20 Stück und einem Preis von 20 €?;30€;20€;10€;40€;50€', 'multiSingleImage', 1, 8),
(536, 'Wie verhalt sich die nachgefragte Menge eines Gutes, wenn der Preis eines Substitutionsgutes steigt?;Die Preissteigerung anderer Güter hat generell keinen Einfluss auf die nachgefragte Menge eines Gutes;Nur Preissteigerungen komplementärer Guter beeinflussen die nachgefragte Menge eines Gutes;Nur Preissteigerungen indifferenter Guter beeinflussen die nachgefragte Menge eines Gutes;Wenn der Preis eines Substitutionsgutes steigt, steigt die Nachfrage nach einem Gut;Wenn der Preis eines Substitutionsgutes steigt, sinkt die Nachfrage nach einem Gut', 'multiSingle', 1, 8),
(537, 'Welche Aussage auf die angebotene Menge eines Gutes trifft zu?;Je höher der Preis des Gutes ist, umso höher ist das Angebot;Je höher der Preis des Gutes ist, umso niedriger ist das Angebot;Je höher die angebotene Menge des Gutes ist, umso niedriger ist der Preis;Je niedriger die angebotene Menge des Gutes ist, umso höher ist der Preis;Der Preis eines Gutes hat keinen Einfluss auf die angebotene Menge', 'multiSingle', 1, 8),
(538, 'Die Mode (Trend) ändert sich zugunsten eines bestimmten Gutes. Gleichzeitig steigen diePreise der Produktionsfaktoren, die bei der Produktion dieses Gutes eingesetzt werden.\nWelche Aussage über die Entwicklung des Gleichgewichtspreises trifft zu?;Der Gleichgewichtspreis steigt;Der Gleichgewichtspreis sinkt;Die Kosten der Produktionsfaktoren haben keinen Einfluss auf den Gleichgewichtspreis;Die Trend Änderung hat keinen Einfluss auf den Gleichgewichtspreis;Die Entwicklung des Gleichgewichtspreises lässt sich nicht voraussagen', 'multiSingle', 1, 8),
(539, 'Ankreuzen wenn es sich um eine juristische Person handelt:;Vorstandsvorsitzender der SAP AG;Stadtverwaltung Oranienburg;Richter beim Bundesgerichtshof;Staatsanwaltschaft beim Landgericht Berlin;Technische Universität Berlin', 'multiMulti', 1, 8),
(540, 'Ankreuzen wenn es sich um eine natürliche Person handelt:;Vorstandsvorsitzender der SAP AG;Stadtverwaltung Oranienburg;Richter beim Bundesgerichtshof;Staatsanwaltschaft beim Landgericht Berlin;Technische Universität Berlin', 'multiMulti', 1, 8),
(541, 'Welches der folgenden Rechtsgeschäfte ist nichtig?;Ein Kunsthandler verkauft ein Gemälde als Original, obwohl es eine Kopie ist. Der Handler wusste nicht, dass das Bild eine Kopie ist;Ein sechsjähriger Junge verschenkt sein Modellauto an einen Freund;Ein Handler verkauft einen gebrauchten Laptop als „fabrikneu“;Eine Sachbearbeiterin schreibt in einem Angebot versehentlich 15,00 € statt 51,00 €;Ein Kunde kauft ein einen Drucker. Zwei Tage später stellte er fest, dass er eigentlich doch keinen Drucker braucht', 'multiSingle', 1, 8),
(542, 'Welches der folgenden Rechtsgeschäfte ist anfechtbar?;Ein Hehler verkauft auf einem Parkplatz ein gestohlenes iPhone.;Auf einer Party verschenkt jemand im Vollrausch seine Armbanduhr;Ein Geschäftsmann stellt einen Programmierer ein und erfahrt nachher, dass dieser über keine ausreichende Qualifikation verfügt;Um Steuern zu sparen, schreiben Käufer und Verkäufer in den Kaufvertrag über ein Haus als Kaufpreis 200.000 € statt des tatsachlich gezahlten Kaufpreises von 300.000 €;Ein Kaufvertrag über ein Grundstück wird nur mündlich abgeschlossen.', 'multiSingle', 1, 8),
(543, 'Welches der angegebenen Rechtsgeschäfte ist formfrei?;Ein Kaufvertrag über eine Eigentumswohnung im Wert von 250.000 €;Ein Testament über einen Nachlass von 25.000 €;Ein Kaufvertrag über ein Sportboot im Wert von 25.000 €;Eine Bürgschaft einer Privatperson über 25.000 €;Ein Mietvertrag über ein Wohnung über sechs Jahre, Jahresmiete 9.000 €', 'multiSingle', 1, 8),
(544, 'Bei welchem der angegebenen Rechtsgeschäfte ist die notarielle Beurkundung vorgeschrieben?;Ein Kaufvertrag über einen PKW im Wert von 25.000 €;Ein Kaufvertrag über eine Eigentumswohnung im Wert von 250.000 €;Ein Mietvertrag über ein Wohnhaus über sechs Jahre, Jahresmiete 25.000 €;Eine Bürgschaft einer Privatperson über 25.000 €;Ein Testament über einen Nachlass von 25.000 €', 'multiSingle', 1, 8),
(545, 'Der sechsjährige Tim kauft ohne Wissen seiner Eltern von seinem Taschengeld in einemSpielzeugladen ein Modellauto im Wert von 5,50 €.\nWelche Aussage trifft zu?;Tim ist nicht geschäftsfähig, deshalb ist das Rechtsgeschäft nichtig;Tim ist nicht geschäftsfähig, deshalb ist das Rechtsgeschäft anfechtbar;Tim ist beschrankt geschäftsfähig, deshalb ist das Rechtsgeschäft nichtig;Tim ist beschrankt geschäftsfähig, deshalb ist das Rechtsgeschäft anfechtbar;Tim ist beschrankt geschäftsfähig, deshalb ist das Rechtsgeschäft schwebend', 'multiSingle', 1, 8),
(546, 'Die 18-jährige Auszubildende Anna Gut hat von ihrer Ausbildungsvergütung monatlich 500,00 € zur Verfügung. Sie schließt in einem Media-Center einen Kaufvertrag über eine Stereoanlage im Wert von 1.500,00 € ab. Die Eltern wissen nichts von dem Kauf. \nWelche Aussage trifft zu?;Anna Gut ist nicht rechtsfähig, deshalb ist das Rechtsgeschäft nichtig;Anna Gut ist unbeschrankt rechtsfähig, deshalb ist das Rechtsgeschäft gültig;Anna Gut ist unbeschrankt geschäftsfähig, deshalb ist das Rechtsgeschäft gültig;Anna Gut ist beschrankt geschäftsfähig, deshalb ist das Rechtsgeschäft schwebendunwirksam;Anna Gut ist beschrankt geschäftsfähig, deshalb ist das Rechtsgeschäft nichtig', 'multiSingle', 1, 8),
(547, 'Barbara Miller kauft privat von Philipp Schmitz einen Gebrauchtwagen für 6.000 €, denPhilipp Schmitz in einem Zeitungsinserat als unfallfreien Garagenwagen angeboten hat.Philipp Schmitz war der einzige Eigentümer des Fahrzeugs. Als Barbara Miller drei Wochenspäter den Wagen in die Werkstatt zur Inspektion bringt, erzählt ihr der Werkstattmeister,dass der Wagen einen schweren Unfall hatte. \r\nWelche Aussage trifft zu?;Da Barbara Miller arglistig getäuscht wurde, ist der Kaufvertrag nichtig;Da Barbara Miller arglistig getäuscht wurde, ist der Kaufvertrag anfechtbar;Da Barbara Miller den PKW vor dem Kauf besichtigen konnte, ist der Kaufvertrag gültig;Da der Kaufvertrag gegen ein gesetzliches Verbot versteht, ist der Kaufvertrag nichtig;Da der Kaufvertrag gegen ein gesetzliches Verbot verstößt, ist der Kaufvertrag anfechtbar', 'multiSingle', 1, 8),
(548, 'Der 15-jahrige Paul besucht die 10. Klasse der Realschule. Von seinen Eltern erhalt er einTaschengeld von 40,00 € monatlich. Er kauft ohne Wissen der Eltern von seinemTaschengeld in einem Musik Geschäft eine Heavy-Metall-CD zum Preis von 13,99 €.Peters Vater gefallt die Musik nicht und verlangt, dass Peter die CD zurückgibt.\r\nWelche Aussage trifft zu?;Da Paul die CD von seinem Taschengeld kaufte, ist der Kaufvertrag anfechtbar;Da Paul beschrankt rechtsfähig ist, ist der Kaufvertrag nichtig;Da Paul die CD von seinem Taschengeld kaufte, ist der Kaufvertrag giltig;Da Paul beschrankt rechtsfähig ist, ist der Kaufvertrag schwebend unwirksam;Da Paul beschrankt geschäftsfähig ist, ist der Kaufvertrag schwebend unwirksam', 'multiSingle', 1, 8),
(549, 'Der 18-jahrige Peter Meier hat sehnsüchtig auf das iPad gewartet. Am Tag des Verkaufsstarts fehlen ihm 250 €. Ein Bekannter will ihm die 250 € als Darlehen Gewähren und verlangt 2 % Zinsen pro Tag. Peter Meier rechnet nicht und willigt sofort ein.\r\nWelche Aussage trifft zu?;Da der Darlehensvertrag gegen ein gesetzliches Verbot verstößt, ist der Darlehensvertrag nichtig;Da der Darlehensvertrag gegen ein gesetzliches Verbot verstößt, ist der Darlehensvertrag anfechtbar;Da der Darlehensvertrag gegen die guten Sitten verstößt, ist der Darlehensvertrag nichtig;Da der Darlehensvertrag gegen die guten Sitten verstößt, ist der Darlehensvertrag anfechtbar;Da Peter Meier unbeschrankt geschäftsfähig ist, ist der Darlehensvertrag gültig', 'multiSingle', 1, 8),
(577, 'Welche der folgenden Bedingungen ist für einen vollkommenen Markt notwendig?;fehlende Transparenz für die Anbieter;persönliche Präferenzen;Verschiedenartigkeit der Güter;Homogenität (Gleichartigkeit) der Güter;fehlende Transparenz für die Nachfrager', 'multiSingle', 1, 9),
(578, 'Welche der folgenden Marktformen bezeichnet man auch als vollkommene Konkurrenz?;Angebotsoligopol;Zweiseitiges Oligopol;Nachfragemonopol;Angebotsmonopol;Polypol', 'multiSingle', 1, 9),
(579, 'Welche Aussage auf die angebotene Menge eines Gutes trifft zu?;Je niedriger die angebotene Menge des Gutes ist, umso höher ist der Preis;Der Preis eines Gutes hat keinen Einfluss auf die Menge;Je höher der Preis des Gutes ist, umso höher ist das Angebot ;Je höher der Preis des Gutes ist, umso niedriger ist das Angebot;Je höher die angebotene Menge des Gutes ist, umso niedriger ist der Preis', 'multiSingle', 1, 9),
(580, 'http://gregor.w-games.de/img/wisotest1.png;Wie hoch ist in der Grafik Anlage 1 Gleichgewichtspreis in der Datei Anlagen Markt und Preis der Angebotsüberhang bei einem Preis von 60,00 €?;20 Stück;40 Stück;5 Stück;10 Stück;30 Stück', 'multiSingleImage', 1, 9),
(581, 'Wie verhält sich die nachgefragte Menge eines Gutes, wenn der Preis eines Substitutionsgutes steigt?;Wenn der Preis eines Substitutionsgutes steigt, sinkt die Nachfrage nach einem Gut;Nur Preissteigerungen komplementärer Güter beeinflussen die nachgefragte Menge eines Gutes;Nur Preissteigerungen indifferenter Güter beeinflussen die nachgefragte Menge eines Gutes;Wenn der Preis eines Substitutionsgutes steigt, steigt die Nachfrage nach einem Gut;Die Preissteigerung anderer Güter hat generell keinen Einfluss auf die nachgefragte Menge eines Gutes', 'multiSingle', 1, 9),
(582, 'In welchem Fall steigt bei vollkommenen Wettbewerb der Gleichgewichtspreis?;Wenn das Angebot steigt;Wenn die Nachfrage bei unverändertem Angebot sinkt;Wenn das Angebot steigt und gleichzeitig die Nachfrage sinkt;Wenn das Angebot bei unveränderter Nachfrage steigt;Wenn das Angebot bei unveränderter Nachfrage sinkt', 'multiSingle', 1, 9),
(583, 'Eine Hausfrau kauft am Markt immer bei einem bestimmten Händler ein, auch wenn andere Händler die Ware billiger anbieten.\nWelche Bedingung des unvollkommenen Marktes wird hier beschrieben?;zeitliche Präferenz;persönliche Präferenz;Vielfalt der Güter;fehlende Markttransparenz;räumliche Präferenz', 'multiSingle', 1, 9),
(584, 'http://gregor.w-games.de/img/wisotest1.png;In der Datei Anlagen Markt und Preis finden Sie die Grafik Anlage 1 Gleichgewichtspreis.\nWie hoch ist der Umsatz, der zum Gleichgewichtspreis erzielt wird?', 'nothingImage', 1, 9),
(585, 'In welcher gesamtwirtschaftlichen Lage werden die Unternehmer am ehesten bereit sein, ihr Angebot zu erweitern?;Bei niedrigem Zinsniveau und abnehmender Nachfrage;Bei niedrigem Zinsniveau und zunehmender Nachfrage;Bei hohem Zinsniveau und zunehmender Nachfrage;Bei hohem Zinsniveau und sinkender Konsumsume der Haushalte;Bei hohem Zinsniveau und abnehmender Nachfrage', 'multiSingle', 1, 9),
(586, 'Welche Aussage trifft auf ein Sättigungsgut (z. B. Güter des gehobenen Bedarfs) zu?;Ein Steigen der Konsumsumme führt zum Sinken der Nachfrage;Ein Steigen der Konsumsumme führt zum Anstieg der Nachfrage;Die Konsumme beeinflusst nur das Angebot;Bei Sättigungsgütern wird die Nachfrage von der Konsumsumme nicht beeinflusst;Ein Sinken der Konsumsumme führt zum Anstieg der Nachfrage', 'multiSingle', 1, 9),
(587, 'Ein Marktbesucher kauft am Markt erst kurz vor Schluss ein, weil er dann die Früchte billiger erhält.\nWelche Bedingung des unvollkommenen Marktes wird hier beschrieben?;räumliche Präferenz;zeitliche Präferenz;Vielfalt der Güter;fehlende Markttransparenz;persönliche Präferenz', 'multiSingle', 1, 9),
(588, 'Über den Preis werden die nicht konkurrenzfähigen Anbieter und die nicht kaufkräftigen Nachfrager vom Markt verdrängt.\nWelche Funktion des Marktpreises wird hier beschrieben?;Steuerungsfunktion;Anreizfunktion;Signalfunktion;Verteilungsfunktion;Ausschaltungsfunktion', 'multiSingle', 1, 9),
(589, 'Was erzielt ein Anbieter, der einen höheren Preis erzielt, als er kalkuliert hat?;Produzentenrente;Produzentendividende;Konsumentenrente;Marktgleichgewicht;Konsumentendividende', 'multiSingle', 1, 9),
(590, 'In welchem Fall sinkt bei vollkommenen Wettbewerb der Gleichgewichtspreis?;Wenn das Angebot bei unveränderter Nachfrage steigt;Wenn das Angebot sinkt;Wenn das Angebot sinkt und gleichzeitig die Nachfrage steigt;Wenn die Nachfrage bei unverändertem Angebot steigt;Wenn das Angebot bei unveränderter Nachfrage sinkt', 'multiSingle', 1, 9),
(591, 'Was erzielt ein Nachfrager, der bereit war, auch zu einem höheren Preis als den Gleichgewichtspreis zu kaufen?;Konsumentendividende;Produzentenrente;Produzentendividende;Konsumentenrente;Marktgleichgewicht', 'multiSingle', 1, 9),
(592, 'http://gregor.w-games.de/img/wisotest2.png;Welche der folgenden Aussagen zur Entwicklung im dritten Quartal lässt sich ohne zusätzliche Informationen aus der Grafik Anlage 2 Nachfragekurve in der Datei Anlagen Markt und Preis ableiten?;Es wirkte sich die höhere Nachfrage nach einem Komplementärprodukt aus;Es wurde kein Marktgleichgewichtspreis erreicht;Das Angebot wurde vergrößert;Die Nachfrage ist gesunken;Die Werbemaßnahmen wurden eingeschränkt', 'multiSingleImage', 1, 9),
(593, 'Welche Marktform ist gegeben, wenn viele Bauern ihre Zuckerrüben an eine Zuckerfabrik liefern?;Angebotsoligopol;Angebotsmonopol;Nachfragemonopol;Polypol;Zweiseitiges Oligopol', 'multiSingle', 1, 9),
(594, 'http://gregor.w-games.de/img/wisotest1.png;Welche Aussage über die Gleichgewichtsmenge und dem Gleichgewichtspreis in der Grafik Anlage 1 Gleichgewichtspreis in der Datei Anlagen Markt und Preis trifft zu?;Die Gleichgewichtsmenge beträgt 30 Stück, der Gleichgewichtspreis 30,00 €;Die Gleichgewichtsmenge beträgt 20 Stück, der Gleichgewichtspreis 50,00 €;Der Absatz zum Gleichgewichtspreis beträgt 50 Stück;Die Gleichgewichtsmenge beträgt 40 Stück, der Gleichgewichtspreis 30,00 €;Der Absatz zum Gleichgewichtspreis beträgt 2.500 Stück', 'multiSingleImage', 1, 9),
(595, 'Welche Marktform ist gegeben, wenn wenige Kunsthändler sehr teure und seltene Kunstgegenstände wenigen Nachfragern anbieten?;Angebotsoligopol;Angebotsmonopol;Polypol;Zweiseitiges Oligopol;Nachfragemonopol', 'multiSingle', 1, 9),
(596, 'Auf einem Markt werden zum Preis von 2,50 € je kg 500 kg Äpfel angeboten und 1.750 kg nachgefragt.\nWelche Aussage trifft zu?;Es besteht ein Nachfrageüberhang von 2.250 kg;Die Gleichgewichtsmenge beträgt 750 kg;Der mögliche Absatz zu diesem Preis beträgt 1.750 kg;Es besteht ein Angebotsüberhang von 2.250 kg;Der mögliche Umsatz zu diesem Preis beträgt 1.250,00 €', 'multiSingle', 1, 9),
(597, 'http://gregor.w-games.de/img/wisoKlausur1.png;Vervollständigen Sie die folgende Grafik der Einteilung der Güter (siehe Anlage in Dateien , indem sie hinter die Ziffer den richtigen Güterbegriff schreiben;1 Rechte 2 Produktionsgüter 3 Konsumgüter 4 Verbrauchsgüter 5 Gebrauchsgüter', 'nothingImage', 1, 10),
(598, 'Welche Aussage trifft auf den Begriff Produktionsgüter zu?;Produktionsgüter werden nur von privaten Haushalten angeschafft;Produktionsgüter sind nur Rechte;Produktionsgüter werden von Betrieben zur Herstellung anderer Güter verwendet;Produktionsgüter sind nur freie Güter;Produktionsgüter sind nur solche Güter, die sich beim Verbrauch verzehren', 'multiSingle', 1, 10),
(599, 'Welche Aussage trifft auf den Begriff Konsumgüter zu?;Konsumgüter sind nur solche Güter, die sich beim Verbrauch verzehren;Konsumgüter sind nur freie Güter;Konsumgüter werden von privaten Haushalten angeschafft;Konsumgüter sind nur Rechte;Konsumgüter werden von Betrieben zur Herstellung anderer Güter verwendet', 'multiSingle', 1, 10),
(600, 'Bei einer Messe wurden von mehreren Herstellern 3D-Drucker dem Publikum präsentiert.\nWelche Aussage zu den 3D-Druckern trifft zu?;3D-Drucker sind keine Wirtschaftsgüter;3D-Drucker gehören zu den Konsumgütern, da sie irgendwann verschlissen sind und ersetzt werden;3D-Drucker gehören zu den Produktionsgütern, wenn sie in Betrieben eingesetzt werden;3D-Drucker gehören zu den Produktionsgütern, wenn sie von privaten Haushalten angeschafft werden;3D-Drucker gehören zu den Konsumgütern, da sie nur von großen Herstellern der Unterhaltungselektronik präsentiert wurden', 'multiSingle', 1, 10),
(601, 'Welche Voraussetzungen müssen für das Vorhandensein eines Bedürfnisses gegeben sein?;Kaufkraft;Mangelempfinden;Preiswerte Güter;Überschaubarkeit des Marktes;Einkommen', 'multiSingle', 1, 10),
(602, 'Ein Versandhandel für PC-Hardware hat eine Ettiketiermaschine für den Versand beschafft, um damit die Versandaufkleber zu bedrucken.\nWelche Aussage trifft zu?;Die Ettiketiermaschine ist ein Konsumgut, weil Produktionsgüter nur von privaten Haushalten angeschafft werden;Die Ettiketiermaschine ist ein Gebrauchsgut, weil sie längerfristig im Betrieb verwendet wird;Die Ettiketiermaschine ist ein Konsumgut, weil sie zum Versand im Herstellungsprozess anderer Güter verwendet wird;Die Ettiketiermaschine ist ein Konsumgut, weil sie zum Versand von Konsumgütern verwendet wird;Die Ettiketiermaschine ist ein Verbrauchsgut, weil sie nur einmal verwendet werden kann', 'multiSingle', 1, 10),
(603, 'Ordnen Sie die Aussagen den jeweiligen Optionen zu.\nPC im Betrieb des PC Servicedienstleisters Byte GmbH;Produktionsgut als Gebrauchsgut;Produktionsgut als Verbrauchsgut;Konsumgut als Gebrauchsgut;Konsumgut als Verbrauchsgut', 'multiSingle', 1, 10),
(604, 'Ordnen Sie die Aussagen den jeweiligen Optionen zu.\nFotokopierpapier im Büro des PC-Dienstleisters Byte GmbH;Produktionsgut als Gebrauchsgut;Produktionsgut als Verbrauchsgut;Konsumgut als Gebrauchsgut;Konsumgut als Verbrauchsgut', 'multiSingle', 1, 10),
(605, 'Ordnen Sie die Aussagen den jeweiligen Optionen zu.\nToner im Multifunktionslaserdrucker des PC- Dienstleisters Byte GmbH;Produktionsgut als Gebrauchsgut;Produktionsgut als Verbrauchsgut;Konsumgut als Gebrauchsgut;Konsumgut als Verbrauchsgut', 'multiSingle', 1, 10),
(606, 'Ordnen Sie die Aussagen den jeweiligen Optionen zu.\nPC im privaten Haushalt;Produktionsgut als Gebrauchsgut;Produktionsgut als Verbrauchsgut;Konsumgut als Gebrauchsgut;Konsumgut als Verbrauchsgut', 'multiSingle', 1, 10),
(607, 'Ordnen Sie die Aussagen den jeweiligen Optionen zu.\nTintenpatrone im Multifunktionsdrucker in Ihrem privaten Haushalt;Produktionsgut als Gebrauchsgut;Produktionsgut als Verbrauchsgut;Konsumgut als Gebrauchsgut;Konsumgut als Verbrauchsgut', 'multiSingle', 1, 10),
(608, 'Welches der folgenden Beispiele kennzeichnet ein Kollektivbedürfnis?;Feuerwehr;Private Krankenzusatzversicherung;Tablet-PC;Eigene Urlaubsreise in den Sommerferien;Neues Smartphone', 'multiSingle', 1, 10),
(609, 'Welche der folgenden Aussagen trifft auf den Bedarf zu?;Bedarf beschreibt ausschließlich die Bedürfnisse nach Produktionsgütern;Bedarf ist der Teil der Bedürfnisse, der durch freie Güter gedeckt wird;Bedarf ist der Teil der Bedürfnisse, die nicht befriedigt werden können;Bedarf ist der Teil der Bedürfnisse, für den Kaufkraft zur Verfügung steht;Bedarf beschreibt ausschließlich die Bedürfnisse nach Konsumgütern', 'multiSingle', 1, 10),
(610, 'Sie haben 250 EUR für den Kauf eines Multifunktionsdruckers zur Verfügung und suchen nun ein Gerät, das Ihnen die meisten Funktionen bietet;Minimalprinzip;Maximalprinzip', 'multiSingle', 1, 10),
(611, 'Sie wollen das MultifunktionsgerätHP Laserjet M274 erwerben und suchen in einer Internet Preissuchmaschine nach dem günstigsten Anbieter;Minimalprinzip;Maximalprinzip', 'multiSingle', 1, 10),
(612, 'Ein Chip-Hersteller optimiert das Fertigungsverfahren, um aus einem Wafer möglichst viele fehlerfreie Chips herzustellen;Minimalprinzip;Maximalprinzip', 'multiSingle', 1, 10),
(613, 'Ein Außendienstmitarbeiter der ACI Computer GmbH tankt 50 Liter Diesel und versucht eine möglichst lange Strecke zurückzulegen;Minimalprinzip;Maximalprinzip', 'multiSingle', 1, 10),
(614, 'Ein Hersteller von PC Gehäusen optimiert das Fertigungsverfahren, um aus einem Blech von 1 m² Fläche möglichst viele fehlerfreie Gehäuseteile herzustellen;Minimalprinzip;Maximalprinzip', 'multiSingle', 1, 10),
(615, 'Welcher der folgenden Betriebe ist ein gemeinwirtschaftlicher Betrieb?;Buchhandlung Hugendubel;Adobe Systems GmbH;Microsoft GmbH;SAP AG Berlin;Technische Universität Berlin', 'multiSingle', 1, 10),
(616, 'Welche Aussage trifft auf gemeinwirtschaftliche Betriebe zu?;Gemeinwirtschaftliche Betriebe sind alle Betriebe in öffentlicher Hand;Kennzeichnend für gemeinwirtschaftliche Betriebe ist das Gewinnstreben;Gemeinwirtschaftliche Betriebe brauchen auf ihre Kosten nicht zu achten;Kennzeichnend für gemeinwirtschaftliche Betriebe ist das Versorgungsprinzip;Gemeinwirtschaftliche Betriebe dürfen keine Gewinne machen', 'multiSingle', 1, 10),
(617, 'Welche Aussage trifft auf erwerbswirtschaftliche Betriebe zu?;Kennzeichnend für erwerbswirtschaftliche Betriebe ist das Versorgungsprinzip;Erwerbswirtschaftliche Betriebe dürfen keine Gewinne machen;Erwerbswirtschaftliche Betriebe sind alle Betriebe in öffentlicher Hand;Erwerbswirtschaftliche Betriebe brauchen auf ihre Kosten nicht zu achten;Kennzeichnend für erwerbswirtschaftliche Betriebe ist die Gewinnerzielungsabsicht', 'multiSingle', 1, 10),
(618, 'Welche der folgenden Aufzählungen beschreibt die betriebswirtschaftlichen Produktionsfaktoren?;Arbeit, dispositiver Faktor, Natur, Güter, Kapital;Ausführende Arbeit, dispositiver Faktor, Kapital;Arbeit, Geldkapital, Sachkapital, Boden;Arbeit, dispositiver Faktor, Betriebsmittel, Werkstoffe und Waren, Rechte;Arbeit, Betriebsmittel, Werkstoffe und Waren, Rechte, Dienstleistungen', 'multiSingle', 1, 10),
(619, 'Welche Aussage trifft auf den betrieblichen Produktionsfaktor Betriebsmittel zu?;Der betriebswirtschaftliche Produktionsfaktor umfasst alle Rohstoffe im Betrieb;Der betriebswirtschaftliche Produktionsfaktor umfasst alle Maschinen im Betrieb;Der betriebswirtschaftliche Produktionsfaktor umfasst alle Patente im Betrieb;Der betriebswirtschaftliche Produktionsfaktor umfasst alle Lizenzen im Betrieb;Der betriebswirtschaftliche Produktionsfaktor umfasst alle Hilfsstoffe im Betrieb', 'multiSingle', 1, 10),
(620, 'Welche der unten stehenden Folgen von Güterbegriffen ist eine richtige Reihenfolge von Begriffen?;Güter - Wirtschaftsgüter - Dienstleistungen - Verbrauchsgut – Rechtsberatung;Güter - Wirtschaftsgüter - Sachgüter - Produktionsgüter - Verbrauchsgüter - Multifunktionsdrucker;Güter - freie Güter - Elektrizität aus Wasserkraft;Güter - Wirtschaftsgüter - Sachgüter - Produktionsgüter - Gebrauchsgüter - Multifunktionsdrucker;Güter - Wirtschaftsgüter - Sachgüter - Produktionsgüter - Multifunktionsdrucker – Verbrauchsgüte', 'multiSingle', 1, 10),
(621, 'Welche der folgenden Personen leistet Arbeit im volkswirtschaftlichen Sinn?;Sie drucken auf ihrem Drucker zu Hause Urlaubsfotos aus;Sie bauen zu Hause in den PC eines Freundes eine neue Grafikkarte ein;Sie bauen in der Wohnung ihres Freundes in dessen PC eine neue Grafikkarte ein;Peter Schmitz, angestellt in einem Systemhaus, baut eine neue Grafikkarte in seinen heimischen PC ein;Peter Schmitz, angestellt in einem Systemhaus, baut in einen Kunden-PC eine neue Grafikkarte ein', 'multiSingle', 1, 10),
(622, 'Welche Arbeitsleistung ist dem betriebswirtschaftlichen Produktionsfaktor ausführende Arbeit zuzuordnen?;Die Geschäftsführer der ACI Computer GmbH beschließen die Anmietung eines leeren Ladenlokals in der Hamburger Innenstadt, um eine weitere Filiale zu eröffnen;Die Geschäftsführer der ACI Computer GmbH beschließen eine neue Grafikkarte in das Sortiment aufzunehmen;Die Geschäftsführer der ACI Computer GmbH beschließen das mittelfristige Finanzkonzept für die nächsten drei Jahre;Die Geschäftsführer der ACI Computer GmbH beschließen das Personalkonzept für die nächsten zwei Jahre;Ein Mitarbeiter der ACI Computer GmbH stellt im Versand die Auslieferungen an die Kunden zusammen', 'multiSingle', 1, 10),
(623, 'Die ACI Computer GmbH möchte den Betrieb erweitern und erwirbt deshalb ein Nachbargrundstück.\nWelche Nutzungsmöglichkeit des Bodens wird hier beschrieben?;Boden als Standortboden;Boden als abgeleiteter Produktionsfaktor;Boden als Abbauboden;Eigentum an Boden ist nicht übertragbar;Boden als Anbauboden', 'multiSingle', 1, 10),
(624, 'Für die Entwicklung von Halbleiterbauelementen für die IT werden verschiedene Rohstoffe benötigt, die in Bergbaubetrieben gewonnen werden.\nWelche Nutzungsmöglichkeit des Bodens wird hier beschrieben?;Eigentum an Boden ist übertragbar;Boden als abgeleiteter Produktionsfaktor;Boden als Abbauboden;Boden als Standortboden;Boden als Anbauboden', 'multiSingle', 1, 10),
(625, 'Die ACI Computer GmbH betreibt in Hamburg zwei Ladengeschäfte für IT-Systeme und Unterhaltungselektronik.\nWelchem Wirtschaftssektor ist die ACI Computer GmbH zuzuordnen?;Primärer Sektor;Sekundärer Sektor;Tertiärer Sektor;Quartärer Sektor;Quintärer Sektor', 'multiSingle', 1, 10),
(626, 'Die KM-Elektronik stellt in Berlin Mini-PC her.\nWelchem Wirtschaftssektor ist die KM-Elektronik zuzuordnen?;Primärer Sektor;Sekundärer Sektor;Tertiärer Sektor;Quartärer Sektor;Quintärer Sektor', 'multiSingle', 1, 10),
(627, 'Welche der folgenden Güter sind Komplementärgüter?;Laserdrucker und Tintenstrahldrucker;Grafikkarte und Pinsel;Flugzeug und Dampfwalze;Auto und Rasenmäher;PC und Drucker', 'multiSingle', 1, 10),
(628, 'Die ACI Computer GmbH kauft für den Versand einen Gabelstapler.\nWelchem betriebswirtschaftlichen Produktionsfaktor ist der Gabelstapler zuzuordnen;Betriebsmittel;dispositiver Faktor;Werkstoffe und Waren;ausführende Arbeit;Rechte', 'multiSingle', 1, 10),
(629, 'Ein Grafikkarten-Hersteller hat einen Betriebskindergarten für die Kinder der Mitarbeiterinnen und Mitarbeiter gebaut, in denen die Kinder während der Arbeitszeit betreut werden.\r\nWelche Aussage trifft zu?;Der Bau verstößt gegen das ökonomische Prinzip, weil die Kinderbetreuung eine Privatsache der Mitarbeiter ist, die den Arbeitgeber nicht weiter interessieren;Der Bau verstößt nicht gegen das ökonomische Prinzip, weil der Grafikkartenersteller ein gemeinwirtschaftlicher Betrieb ist;Der Bau verstößt gegen das ökonomische Prinzip, weil der Grafikkarten-Hersteller ein gemeinwirtschaftlicher Betrieb ist;Der Bau verstößt nicht gegen das ökonomische Prinzip, weil die Kinderbetreuung notwendig ist, Mitarbeiter/-innen im Unternehmen zu halten', 'multiSingle', 1, 10);

INSERT INTO `subject` (`name`, `id`, `status`) VALUES
('xxx', 1, 1),
('NT', 2, 1),
('wiso1', 3, 1),
('dt1', 4, 1),
('dt2', 5, 1),
('NT1', 6, 1),
('NT2', 7, 1),
('wiso3', 8, 1),
('wiso4', 9, 1),
('wiso1', 10, 1);



/*!40101 SET SQL_MODE=@OLD_SQL_MODE */;
/*!40014 SET FOREIGN_KEY_CHECKS=@OLD_FOREIGN_KEY_CHECKS */;
/*!40014 SET UNIQUE_CHECKS=@OLD_UNIQUE_CHECKS */;
/*!40101 SET CHARACTER_SET_CLIENT=@OLD_CHARACTER_SET_CLIENT */;
/*!40101 SET CHARACTER_SET_RESULTS=@OLD_CHARACTER_SET_RESULTS */;
/*!40101 SET COLLATION_CONNECTION=@OLD_COLLATION_CONNECTION */;
/*!40111 SET SQL_NOTES=@OLD_SQL_NOTES */;